-- phpMyAdmin SQL Dump
-- version 5.0.3
-- https://www.phpmyadmin.net/
--
-- Host: 127.0.0.1
-- 생성 시간: 20-12-02 01:53
-- 서버 버전: 10.4.14-MariaDB
-- PHP 버전: 7.4.11

SET SQL_MODE = "NO_AUTO_VALUE_ON_ZERO";
START TRANSACTION;
SET time_zone = "+00:00";


/*!40101 SET @OLD_CHARACTER_SET_CLIENT=@@CHARACTER_SET_CLIENT */;
/*!40101 SET @OLD_CHARACTER_SET_RESULTS=@@CHARACTER_SET_RESULTS */;
/*!40101 SET @OLD_COLLATION_CONNECTION=@@COLLATION_CONNECTION */;
/*!40101 SET NAMES utf8mb4 */;

--
-- 데이터베이스: `goodpang`
--

-- --------------------------------------------------------

--
-- 테이블 구조 `basket_my`
--

CREATE TABLE `basket_my` (
  `num` int(11) NOT NULL,
  `id` char(15) NOT NULL,
  `name` char(10) NOT NULL,
  `product_name` char(200) NOT NULL,
  `price` int(11) NOT NULL,
  `count` int(11) NOT NULL,
  `file_copied` char(40) NOT NULL,
  `totalmoney` int(11) NOT NULL
) ENGINE=InnoDB DEFAULT CHARSET=utf8;

--
-- 테이블의 덤프 데이터 `basket_my`
--

INSERT INTO `basket_my` (`num`, `id`, `name`, `product_name`, `price`, `count`, `file_copied`, `totalmoney`) VALUES
(46, '이재윤', '이재윤', '디퓨저', 17490, 1, '2020_11_14_07_40_52.PNG', 17490),
(47, '이재윤', '이재윤', '섬유유연제', 17460, 5, '2020_11_14_07_50_41.PNG', 87300),
(48, '이재윤', '이재윤', '충주사과', 14900, 6, '2020_11_14_07_04_22.PNG', 89400),
(49, '이재윤', '이재윤', '맛있는 우유', 3000, 2, '2020_11_14_06_59_49.PNG', 6000),
(50, 'asd', 'asd', '옷걸이', 8960, 5, '2020_11_14_16_34_16.PNG', 44800),
(54, 'asd', 'asd', '옷걸이', 8960, 10, '2020_11_14_16_34_16.PNG', 89600),
(55, '이재윤', '이재윤', '옷걸이', 8960, 16, '2020_11_14_16_34_16.PNG', 143360),
(56, 'asd', 'asd', '변기크리너', 3700, 8, '2020_11_15_12_11_31.PNG', 29600),
(59, '이재윤', '이재윤', '주방세제', 2550, 7, '2020_11_15_12_10_13.PNG', 17850),
(60, '이재윤', '이재윤', '변기크리너', 3700, 8, '2020_11_15_12_11_31.PNG', 29600),
(62, '돌고래', '돌고래', '클렌징 폼', 7290, 1, '2020_11_14_10_43_59.PNG', 7290),
(64, '이재윤', '이재윤', '변기크리너', 3700, 459, '2020_11_15_12_11_31.PNG', 1698300),
(65, '이재윤', '이재윤', '주방세제', 2550, 1, '2020_11_15_12_10_13.PNG', 2550),
(66, '홍길동', '홍길동', '옷걸이', 8960, 4, '2020_11_14_16_34_16.PNG', 35840),
(67, '이재윤', '이재윤', '변기크리너', 3700, 6, '2020_11_15_12_11_31.PNG', 22200),
(68, '이재윤', '이재윤', '주방세제', 2550, 3, '2020_11_15_12_10_13.PNG', 7650),
(69, '이재윤', '이재윤', '줄넘기', 5100, 3, '2020_11_29_11_43_44.PNG', 15300),
(70, 'h', '123', '다우니', 15300, 1, '2020_11_14_10_41_42.PNG', 15300),
(71, '홍길동', '홍길동', '줄넘기', 5100, 1, '2020_11_29_11_43_44.PNG', 5100),
(72, '이재윤', '이재윤', '줄넘기', 5100, 5, '2020_11_29_11_43_44.PNG', 25500),
(73, '이재윤', '이재윤', '프로틴', 21900, 1, '2020_11_29_11_42_29.PNG', 21900);

-- --------------------------------------------------------

--
-- 테이블 구조 `board`
--

CREATE TABLE `board` (
  `num` int(11) NOT NULL,
  `id` char(15) NOT NULL,
  `name` char(10) NOT NULL,
  `phonenumber` char(15) NOT NULL,
  `content` text NOT NULL,
  `regist_day` char(20) NOT NULL,
  `product_num` int(11) NOT NULL
) ENGINE=InnoDB DEFAULT CHARSET=utf8;

--
-- 테이블의 덤프 데이터 `board`
--

INSERT INTO `board` (`num`, `id`, `name`, `phonenumber`, `content`, `regist_day`, `product_num`) VALUES
(10, '신사임당', '신사임당', '01099999999', '꼭 사고싶어요 연락해주세요', '2020-11-21 (14:03)', 74),
(11, '돌고래', '돌고래', '01012121212', '저 너무 필요해요 연락바랍니다.', '2020-11-21 (14:04)', 74),
(14, '홍길동', '홍길동', '01012345678', '집에 밥솥이 없습니다ㅜㅜ', '2020-11-26 (06:51)', 72),
(18, '이순신', '이순신', '01012345678', '집에 선반이없어서 물건을 들고 다닙니다...', '2020-11-26 (11:54)', 70),
(19, '이재윤', '이재윤', '01012345678', '한약이 좋아', '2020-11-28 (09:16)', 86),
(20, '홍길동', '홍길동', '01099999999', '연락바랍니다 집에서 해서 먹고싶네요', '2020-11-28 (09:48)', 86),
(21, '홍길동', '홍길동', '01012345678', '연락해주세요 서랍장이 필요합니다.', '2020-11-28 (09:48)', 85),
(22, '홍길동', '홍길동', '01012121212', '나눔받고싶어요~~~!!!', '2020-11-28 (09:49)', 84),
(23, '홍길동', '홍길동', '01012345678', '골프가 취미입니다. 연락해주세요!!', '2020-11-28 (09:49)', 83),
(26, '홍길동', '홍길동', '01012345678', '구매하고 싶습니다.', '2020-11-28 (09:51)', 82),
(27, '홍길동', '홍길동', '01012345678', '세탁기는있는데 호스는 없어요 연락주세요', '2020-11-28 (09:52)', 81),
(28, '홍길동', '홍길동', '01012345678', '청소 못한지 한달째...', '2020-11-28 (09:52)', 80),
(29, '홍길동', '홍길동', '01012345678', '독서왕입니다.', '2020-11-28 (09:52)', 79),
(30, '홍길동', '홍길동', '01012345678', '따르르르릉', '2020-11-28 (09:52)', 78),
(31, '홍길동', '홍길동', '01012345678', '냉동식품 그냥 먹습니다.....', '2020-11-28 (09:53)', 77),
(32, '홍길동', '홍길동', '01012345678', '귀가 잘 안들려서 빵빵한 사운드좀 듣고싶어요', '2020-11-28 (09:53)', 76),
(33, '신사임당', '신사임당', '01012345678', '약탕기 갖고싶다....ㅠㅠ', '2020-11-28 (09:55)', 86),
(34, '신사임당', '신사임당', '01099999999', '색깔이 이쁘네요 연락주세요', '2020-11-28 (10:02)', 85),
(35, '돌고래', '돌고래', '01044446666', '냠냠냠 호로로록', '2020-11-28 (10:04)', 86);

-- --------------------------------------------------------

--
-- 테이블 구조 `members`
--

CREATE TABLE `members` (
  `num` int(11) NOT NULL,
  `id` char(15) NOT NULL,
  `pass` char(15) NOT NULL,
  `name` char(10) NOT NULL,
  `email` char(80) DEFAULT NULL,
  `address` varchar(30) NOT NULL,
  `regist_day` char(20) DEFAULT NULL,
  `level` int(11) DEFAULT NULL,
  `point` int(11) DEFAULT NULL
) ENGINE=InnoDB DEFAULT CHARSET=utf8;

--
-- 테이블의 덤프 데이터 `members`
--

INSERT INTO `members` (`num`, `id`, `pass`, `name`, `email`, `address`, `regist_day`, `level`, `point`) VALUES
(1, 'asd', 'asd', 'asd', 'asd1@naver.com', '영이공1', '2020-11-05 (13:45)', 9, 11260),
(2, '이재윤', '1234', '이재윤', 'dlwodbs2005@naver.com', '대구광역시', '2020-11-05 (13:45)', 1, 46305),
(5, '홍길동', '1234', '홍길동', 'hogildong@naver.com', '대구광역시', '2020-11-14 (12:29)', 9, 4594),
(6, '신사임당', '1234', '신사임당', '신사임당@naver.com', '부산광역시', '2020-11-14 (12:38)', 9, 400),
(7, '율곡이이', '1234', '율곡이이', '율곡이이@naver.com', '인천광역시', '2020-11-14 (12:38)', 9, 100),
(8, '돌고래', '1234', '돌고래', '돌고래@naver.com', '서울특별시', '2020-11-14 (12:39)', 9, 0),
(9, '이순신', '1234', '이순신', '이순신@naver.com', '거북선', '2020-11-19 (14:05)', 9, 200),
(19, '광개토대왕', '1234', '광개토대왕', '광대토대왕@naver.com', '고구려', '2020-11-27 (06:15)', 9, 0);

-- --------------------------------------------------------

--
-- 테이블 구조 `order_my`
--

CREATE TABLE `order_my` (
  `num` int(11) NOT NULL,
  `id` char(15) NOT NULL,
  `name` char(10) NOT NULL,
  `product_name` char(200) NOT NULL,
  `price` int(11) NOT NULL,
  `count` int(11) NOT NULL,
  `totalmoney` int(11) NOT NULL,
  `address` varchar(30) NOT NULL,
  `address2` varchar(30) NOT NULL,
  `order_check` char(20) NOT NULL
) ENGINE=InnoDB DEFAULT CHARSET=utf8;

--
-- 테이블의 덤프 데이터 `order_my`
--

INSERT INTO `order_my` (`num`, `id`, `name`, `product_name`, `price`, `count`, `totalmoney`, `address`, `address2`, `order_check`) VALUES
(2, 'asd', 'asd', '디퓨저', 17490, 4, 69960, '영이공', '우리집', '입금확인중'),
(3, '이재윤', '이재윤', '섬유유연제', 17460, 5, 87300, '대구광역시', '우리집', '입금확인중'),
(5, '이재윤', '이재윤', '충주사과', 14900, 6, 89400, '대구광역시', '정문앞', '입금확인중'),
(7, 'asd', 'asd', '클렌징 폼', 7290, 8, 58320, '영이공', '단지', '입금확인중'),
(12, '이재윤', '이재윤', '디퓨저', 17490, 1, 17490, '대구광역시', '우리집', '입금확인중'),
(13, '이재윤', '이재윤', '변기크리너', 3700, 8, 29600, '대구광역시', '단지', '입금확인중'),
(14, '이재윤', '이재윤', '옷걸이', 8960, 16, 143360, '대구광역시', '123', '입금확인중'),
(15, '이재윤', '이재윤', '맛있는 우유', 3000, 2, 6000, '대구광역시', '정문앞', '입금확인중'),
(16, '이재윤', '이재윤', '주방세제', 2550, 7, 17850, '대구광역시', '123', '입금확인중'),
(18, '돌고래', '돌고래', '클렌징 폼', 7290, 1, 7290, '서울특별시', '투썸플레이스', '입금확인중'),
(21, '이재윤', '이재윤', '변기크리너', 3700, 459, 1698300, '대구광역시', '우리집', '입금확인중'),
(22, '이재윤', '이재윤', '주방세제', 2550, 1, 2550, '대구광역시', '123123', '입금확인중'),
(23, '홍길동', '홍길동', '옷걸이', 8960, 4, 35840, '대구광역시', 'home', '배송준비중'),
(24, 'asd', 'asd', '옷걸이', 8960, 10, 89600, '영이공1', '111', '입금확인중'),
(25, '이재윤', '이재윤', '주방세제', 2550, 3, 7650, '대구광역시', '아파트 ', '입금확인중'),
(27, '홍길동', '홍길동', '줄넘기', 5100, 1, 5100, '대구광역시', '우리집', '입금확인중'),
(28, '이재윤', '이재윤', '프로틴', 21900, 1, 21900, '대구광역시', '우리집', '배송준비중');

-- --------------------------------------------------------

--
-- 테이블 구조 `point_mall`
--

CREATE TABLE `point_mall` (
  `num` int(11) NOT NULL,
  `product_name` char(200) NOT NULL,
  `point` int(11) DEFAULT NULL,
  `file_name` char(40) NOT NULL,
  `file_type` char(40) NOT NULL,
  `file_copied` char(40) NOT NULL
) ENGINE=InnoDB DEFAULT CHARSET=utf8;

--
-- 테이블의 덤프 데이터 `point_mall`
--

INSERT INTO `point_mall` (`num`, `product_name`, `point`, `file_name`, `file_type`, `file_copied`) VALUES
(2, '롯데지류상품권 10만원권', 105000, '롯데.PNG', 'image/png', '2020_11_21_09_38_13.PNG'),
(3, '신세계모바일상품권 1만원권', 10500, '신세계 1만원.PNG', 'image/png', '2020_11_21_09_43_07.PNG'),
(4, '신세계모바일상품권 3만원권', 31500, '신세계 3만원.PNG', 'image/png', '2020_11_21_09_43_45.PNG'),
(5, '신세계모바일상품권 5만원권', 52500, '원신세계 5만.PNG', 'image/png', '2020_11_21_09_44_07.PNG'),
(6, '신세계모바일상품권 10만원권', 105000, '신세계 10만원.PNG', 'image/png', '2020_11_21_09_44_35.PNG'),
(7, '신세계모바일상품권 50만원권', 525000, '신세계 50만원.PNG', 'image/png', '2020_11_21_09_44_57.PNG'),
(8, '롯데마트 모바일 금액원 10000원', 10300, '롯데 10000.PNG', 'image/png', '2020_11_21_09_48_09.PNG'),
(9, '롯데마트 모바일 금액원 20000원', 20600, '롯데 20000.PNG', 'image/png', '2020_11_21_09_48_23.PNG'),
(10, '롯데마트 모바일 금액원 30000원', 30900, '롯데 30000.PNG', 'image/png', '2020_11_21_09_48_39.PNG'),
(11, '롯데마트 모바일 금액원 50000원', 51500, '롯데 50000.PNG', 'image/png', '2020_11_21_09_49_06.PNG'),
(12, '롯데마트 모바일 금액원 500000원', 515000, '롯데 500000.PNG', 'image/png', '2020_11_21_09_49_27.PNG'),
(13, 'S-OIL상품권 10000원', 10500, 'sol 10000.PNG', 'image/png', '2020_11_21_09_51_27.PNG'),
(14, 'S-OIL상품권 20000원', 21000, 'sol 20000.PNG', 'image/png', '2020_11_21_09_51_41.PNG'),
(15, 'S-OIL상품권 30000원', 31500, 'sol 30000.PNG', 'image/png', '2020_11_21_09_51_56.PNG'),
(16, 'S-OIL상품권 50000원', 52500, 'sol 50000.PNG', 'image/png', '2020_11_21_09_52_13.PNG'),
(17, 'CJ기프트카드 1만원권', 10000, 'cj 10000.PNG', 'image/png', '2020_11_21_09_59_25.PNG'),
(18, 'CJ기프트카드 2만원권', 20000, 'cj 20000.PNG', 'image/png', '2020_11_21_09_59_44.PNG'),
(19, 'CJ기프트카드 3만원권', 30000, 'cj 30000.PNG', 'image/png', '2020_11_21_09_59_59.PNG');

-- --------------------------------------------------------

--
-- 테이블 구조 `point_mall_buy`
--

CREATE TABLE `point_mall_buy` (
  `num` int(11) NOT NULL,
  `product_name` char(200) NOT NULL,
  `pin_number` char(25) NOT NULL,
  `id` char(15) NOT NULL,
  `order_check` char(20) NOT NULL
) ENGINE=InnoDB DEFAULT CHARSET=utf8;

--
-- 테이블의 덤프 데이터 `point_mall_buy`
--

INSERT INTO `point_mall_buy` (`num`, `product_name`, `pin_number`, `id`, `order_check`) VALUES
(5, 'CJ기프트카드 1만원권', '1183 7876 1670 931379', '이재윤', '구매완료'),
(6, 'CJ기프트카드 1만원권', '3315 1598 8715 607880', '이재윤', '구매완료'),
(7, 'CJ기프트카드 1만원권', '2151 2120 8879 995729', '이재윤', '구매완료'),
(8, 'CJ기프트카드 3만원권', '1093 7642 9526 705644', '이재윤', '구매완료'),
(9, 'CJ기프트카드 3만원권', '7272 6101 3983 542371', '이재윤', '구매완료'),
(10, 'CJ기프트카드 3만원권', '6886 7464 8132 558398', '이재윤', '구매완료'),
(11, 'CJ기프트카드 1만원권', '3249 5549 2529 807809', '이재윤', '구매완료'),
(12, 'CJ기프트카드 1만원권', '4172 4504 3656 543779', '이재윤', '구매완료'),
(13, 'CJ기프트카드 1만원권', '4202 5515 8885 625016', '이재윤', '구매완료'),
(14, 'CJ기프트카드 1만원권', '5590 5061 5665 950126', '이재윤', '구매완료'),
(15, 'CJ기프트카드 3만원권', '5817 3673 3769 959842', '이재윤', '구매완료'),
(16, 'CJ기프트카드 3만원권', '9867 4424 1130 705354', '이재윤', '구매완료'),
(17, 'CJ기프트카드 3만원권', '2317 4564 9735 516186', '이재윤', '구매완료');

-- --------------------------------------------------------

--
-- 테이블 구조 `product_my`
--

CREATE TABLE `product_my` (
  `num` int(11) NOT NULL,
  `id` char(15) NOT NULL,
  `name` char(10) NOT NULL,
  `product_name` char(200) NOT NULL,
  `price` int(11) NOT NULL,
  `memo` text NOT NULL,
  `regist_day` char(20) NOT NULL,
  `hit` int(11) NOT NULL,
  `file_name` char(40) DEFAULT NULL,
  `file_type` char(40) DEFAULT NULL,
  `file_copied` char(40) DEFAULT NULL
) ENGINE=InnoDB DEFAULT CHARSET=utf8;

--
-- 테이블의 덤프 데이터 `product_my`
--

INSERT INTO `product_my` (`num`, `id`, `name`, `product_name`, `price`, `memo`, `regist_day`, `hit`, `file_name`, `file_type`, `file_copied`) VALUES
(36, '이재윤', '이재윤', '맛있는 우유', 3000, '남양유업 맛있는 우유 GT, 900ml', '2020-11-14 (06:59)', 0, '우유.PNG', 'image/png', '2020_11_14_06_59_49.PNG'),
(37, '이재윤', '이재윤', '1등급 삽겹살', 19900, '한돈 1등급 삼겹살 구이용, 1000g', '2020-11-14 (07:02)', 0, '삼겹살.PNG', 'image/png', '2020_11_14_07_02_13.PNG'),
(38, '이재윤', '이재윤', '충주사과', 14900, '프레샤인 GAP 인증 충주사과 2kg', '2020-11-14 (07:04)', 0, '사과.PNG', 'image/png', '2020_11_14_07_04_22.PNG'),
(39, '이재윤', '이재윤', '물', 8370, '탐사수, 500ml, 40개', '2020-11-14 (07:07)', 0, '탐사수 500ml 40개.PNG', 'image/png', '2020_11_14_07_07_51.PNG'),
(40, '이재윤', '이재윤', '롤 화장지', 10070, '3겹 라벤더 롤화장지 30m, 30롤', '2020-11-14 (07:10)', 0, '휴지.PNG', 'image/png', '2020_11_14_07_10_01.PNG'),
(41, '이재윤', '이재윤', '물티슈', 10000, '아기물티슈 캡형, 100매 10팩', '2020-11-14 (07:19)', 0, '물티슈.PNG', 'image/png', '2020_11_14_07_46_21.PNG'),
(42, '이재윤', '이재윤', '핫팩', 9190, '탐사 포켓용 핫팩 90g, 30개입', '2020-11-14 (07:21)', 0, '핫팩.PNG', 'image/png', '2020_11_14_07_21_06.PNG'),
(43, '이재윤', '이재윤', '섬유유연제', 17460, '다우니 엑스퍼트 초고농축 1.05L, 3개', '2020-11-14 (07:22)', 0, '다우니.PNG', 'image/png', '2020_11_14_07_50_41.PNG'),
(44, '이재윤', '이재윤', '디퓨저', 17490, '쿤달 퍼퓸 디퓨저 200ml, 3개', '2020-11-14 (07:40)', 0, '디퓨저.PNG', 'image/png', '2020_11_14_07_40_52.PNG'),
(46, '이재윤', '이재윤', '샴푸', 18780, '케라시스 티트리오일 샴푸, 1L, 2개', '2020-11-14 (10:31)', 0, '샴푸.PNG', 'image/png', '2020_11_14_10_31_50.PNG'),
(47, '이재윤', '이재윤', '마스크', 6990, '3겹 일회용 성인 마스크,50장', '2020-11-14 (10:33)', 0, '마스크.PNG', 'image/png', '2020_11_14_10_33_12.PNG'),
(48, '이재윤', '이재윤', '클렌징 오일', 12250, '이니스프리 클렌징 오일,300ml', '2020-11-14 (10:35)', 0, '오일.PNG', 'image/png', '2020_11_14_10_35_43.PNG'),
(49, '이재윤', '이재윤', '샴푸', 21900, '닥터방기원 쿨 탈모 샴푸, 1000ml, 2개', '2020-11-14 (10:36)', 0, '탈모 샴푸.PNG', 'image/png', '2020_11_14_10_36_37.PNG'),
(50, '이재윤', '이재윤', '종이컵', 9790, '탐사 스마일 종이컵 180ml, 1000개입', '2020-11-14 (10:37)', 0, '종이컵.PNG', 'image/png', '2020_11_14_10_37_52.PNG'),
(51, '이재윤', '이재윤', '실내화', 9590, '에센셜 소프트 쿠션 거실화 2p 세트', '2020-11-14 (10:40)', 0, '실내화.PNG', 'image/png', '2020_11_14_10_40_12.PNG'),
(52, '이재윤', '이재윤', '다우니', 15300, '다우니 고농축 섬유유연제 4.08L,1개', '2020-11-14 (10:41)', 0, '다우니2.PNG', 'image/png', '2020_11_14_10_41_42.PNG'),
(53, '이재윤', '이재윤', '클렌징 폼', 7290, '퍼펙트 마이크로 클렌징 폼, 120ml, 2개', '2020-11-14 (10:43)', 0, '폼클렌징.PNG', 'image/png', '2020_11_14_10_43_59.PNG'),
(59, '이재윤', '이재윤', '옷걸이', 8960, '코멧 도어행거, 10구, 혼합색상', '2020-11-14 (16:34)', 0, '옷걸이.PNG', 'image/png', '2020_11_14_16_34_16.PNG'),
(62, '홍길동', '홍길동', '커피머신', 50000, '네스프레소 커피머신과 거품기(에어로치노)팝니다.\r\n\r\n2회 사용\r\n\r\n', '2020-11-15 (06:19)', 0, '커피머신.PNG', 'image/png', '2020_11_15_06_19_55.PNG'),
(63, '홍길동', '홍길동', '제습기', 30000, '위닉스 제습기 2014년 모델 커버도 같이 드려요', '2020-11-15 (06:22)', 0, '제습기.PNG', 'image/png', '2020_11_15_06_22_00.PNG'),
(65, '이재윤', '이재윤', '텐트', 76460, '난방텐트 2-3인용 퀸사이즈,그레이', '2020-11-15 (12:08)', 0, '난방텐트.PNG', 'image/png', '2020_11_15_12_08_16.PNG'),
(66, '이재윤', '이재윤', '리무버', 4250, '립 앤 아이 리무버, 250ml 1개', '2020-11-15 (12:09)', 0, '리무버.PNG', 'image/png', '2020_11_15_12_09_24.PNG'),
(67, '이재윤', '이재윤', '주방세제', 2550, '자몽 주방세제 1.2L, 1개', '2020-11-15 (12:10)', 0, '세제.PNG', 'image/png', '2020_11_15_12_10_13.PNG'),
(68, '이재윤', '이재윤', '변기크리너', 3700, '일회용 변기크리너 12p, 1개', '2020-11-15 (12:11)', 0, '변기크리너.PNG', 'image/png', '2020_11_15_12_11_31.PNG'),
(69, '홍길동', '홍길동', '화분', 10000, '화분 싸게 처분합니다.', '2020-11-17 (14:01)', 0, '화분.PNG', 'image/png', '2020_11_17_14_01_52.PNG'),
(70, '홍길동', '홍길동', '4단 철제선반 그레이', 10000, '깨끗하게 사용했습니다. 연락주세요', '2020-11-17 (14:03)', 0, '선반.PNG', 'image/png', '2020_11_17_14_03_15.PNG'),
(71, '신사임당', '신사임당', '믹서기', 45000, '테팔 터보믹서기 선물받은건데 한번도 안썻어요.', '2020-11-17 (14:38)', 0, '믹서기.PNG', 'image/png', '2020_11_17_14_38_16.PNG'),
(72, '신사임당', '신사임당', '밥솥', 35000, '전기밥통 팔아요 6인분까지 가능 연락처 남겨주세요', '2020-11-17 (14:39)', 0, '밥통.PNG', 'image/png', '2020_11_17_14_39_17.PNG'),
(73, '신사임당', '신사임당', '전기 토스터기', 14000, '원가25000원 9회사용 하자없습니다.', '2020-11-17 (14:39)', 0, '토스터기.PNG', 'image/png', '2020_11_17_14_39_55.PNG'),
(74, '신사임당', '신사임당', '쿠션', 16000, '2종 쇼파쿠션 45cm X 30cm 고급스러워요', '2020-11-17 (14:41)', 0, '쿠션.PNG', 'image/png', '2020_11_17_14_41_48.PNG'),
(75, '율곡이이', '율곡이이', '냉장고', 9900, '이사오면서 가져왔는데 막상 가져오니 필요가 없네요.', '2020-11-26 (11:35)', 0, '냉장고.PNG', 'image/png', '2020_11_26_11_35_03.PNG'),
(76, '율곡이이', '율곡이이', '스피커', 100000, '2016년 구매 장식용으로 세팅해논거라 새것입니다.', '2020-11-26 (11:36)', 0, '스피커.PNG', 'image/png', '2020_11_26_11_36_08.PNG'),
(77, '율곡이이', '율곡이이', '전자레인지', 10000, '상태 양호. 이사가서 내놓습니다.', '2020-11-26 (11:37)', 0, '전자레인지.PNG', 'image/png', '2020_11_26_11_37_00.PNG'),
(78, '율곡이이', '율곡이이', '자전거', 180000, '다혼 미니벨로 자전거 스피드 p8 아파트 단지내에서만 타서 거의 새것입니다.', '2020-11-26 (11:38)', 0, '자전거.PNG', 'image/png', '2020_11_26_11_38_05.PNG'),
(79, '돌고래', '돌고래', '책', 70000, '프뢰벨 말하기 구입한지는 오래됐지만 깨끗한편입니다.', '2020-11-26 (11:39)', 0, '책.PNG', 'image/png', '2020_11_26_11_39_32.PNG'),
(80, '돌고래', '돌고래', '청소기', 4000, '침구전용 집먼지 청소기. 기스하나 없이 깨끗합니다. 청소도 완료된 상태입니다.', '2020-11-26 (11:41)', 0, '청소기.PNG', 'image/png', '2020_11_26_11_41_30.PNG'),
(81, '돌고래', '돌고래', '세탁기 호스', 5000, '삼성 세탁기호스 정품 1.3m 보관만했고 미사용 제품입니다.\r\n', '2020-11-26 (11:43)', 0, '호스.PNG', 'image/png', '2020_11_26_11_43_10.PNG'),
(82, '돌고래', '돌고래', '식기건조대', 8000, '식기건조대 한번도 안쓴 포장된 제품입니다.', '2020-11-26 (11:44)', 0, '식기보관.PNG', 'image/png', '2020_11_26_11_44_06.PNG'),
(83, '이순신', '이순신', '골프가방', 30000, '골프채와 골프가방 팝니다. 상태양호', '2020-11-26 (11:52)', 0, '골프가방.PNG', 'image/png', '2020_11_26_11_52_04.PNG'),
(84, '이순신', '이순신', '비누', 1000, '비누필요하신분~~가져가세요~~', '2020-11-26 (11:52)', 0, '비누.PNG', 'image/png', '2020_11_26_11_52_32.PNG'),
(85, '이순신', '이순신', '서랍장', 20000, '이케아 철재 서랍장 상태양호 2개 일괄 2만원입니다.', '2020-11-26 (11:53)', 0, '서랍장.PNG', 'image/png', '2020_11_26_11_53_20.PNG'),
(86, '이순신', '이순신', '약탕기', 20000, '한살림약탕기 비싸게 구매했지만 저는 사용을 잘안해서 필요가없습니다.', '2020-11-26 (11:54)', 0, '약탕기.PNG', 'image/png', '2020_11_26_11_54_33.PNG'),
(87, '이재윤', '이재윤', '전자시계', 34600, '샤오미 미밴드 5 한글버전, 블랙', '2020-11-29 (11:29)', 0, '시계.PNG', 'image/png', '2020_11_29_11_29_09.PNG'),
(88, '이재윤', '이재윤', '양말', 13900, '브리즈 남성용 장목 등산양말 10결레', '2020-11-29 (11:29)', 0, '양말.PNG', 'image/png', '2020_11_29_11_29_58.PNG'),
(89, '이재윤', '이재윤', '장갑', 11900, 'K2 니트 장갑, 블랙', '2020-11-29 (11:31)', 0, '장갑.PNG', 'image/png', '2020_11_29_11_31_04.PNG'),
(90, '이재윤', '이재윤', '풋 스트레칭', 16290, '아리프 풋 스트레칭 기구, 블루', '2020-11-29 (11:32)', 0, '발마사지.PNG', 'image/png', '2020_11_29_11_32_06.PNG'),
(91, '이재윤', '이재윤', '가스버너', 23040, '고화력 휴대용가스렌지, 혼합색상, 1개', '2020-11-29 (11:33)', 0, '버너.PNG', 'image/png', '2020_11_29_11_33_00.PNG'),
(92, '이재윤', '이재윤', '골프공', 29900, '골프공 2피스 15p, 화이트, 2개', '2020-11-29 (11:35)', 0, '골프공.PNG', 'image/png', '2020_11_29_11_35_00.PNG'),
(93, '이재윤', '이재윤', '전동킥보드', 746020, '나인봇 전동킥보드 맥스, G30, 혼합색상', '2020-11-29 (11:36)', 0, '전동킥보드.PNG', 'image/png', '2020_11_29_11_36_16.PNG'),
(94, '이재윤', '이재윤', '신발', 33430, '아디다스 아동용 포타런 운동화', '2020-11-29 (11:37)', 0, '신발.PNG', 'image/png', '2020_11_29_11_37_13.PNG'),
(95, '이재윤', '이재윤', '낚시줄', 25640, 'PE라인 오색 합사 낚시줄 8합사 500M', '2020-11-29 (11:38)', 0, '낚시줄.PNG', 'image/png', '2020_11_29_11_38_12.PNG'),
(96, '이재윤', '이재윤', '운동기구', 28080, '아리프 레드라인 케틀벨, 혼합 색상, 16kg', '2020-11-29 (11:41)', 0, '덤벨.PNG', 'image/png', '2020_11_29_11_41_28.PNG'),
(97, '이재윤', '이재윤', '프로틴', 21900, '뉴트리코스트 BCAA 파우더 애플향, 305g', '2020-11-29 (11:42)', 0, '프로틴.PNG', 'image/png', '2020_11_29_11_42_29.PNG'),
(98, '이재윤', '이재윤', '줄넘기', 5100, '이고진 줄넘기 선수용, 혼합 색상', '2020-11-29 (11:43)', 0, '줄넘기.PNG', 'image/png', '2020_11_29_11_43_44.PNG');

--
-- 덤프된 테이블의 인덱스
--

--
-- 테이블의 인덱스 `basket_my`
--
ALTER TABLE `basket_my`
  ADD PRIMARY KEY (`num`);

--
-- 테이블의 인덱스 `board`
--
ALTER TABLE `board`
  ADD PRIMARY KEY (`num`);

--
-- 테이블의 인덱스 `members`
--
ALTER TABLE `members`
  ADD PRIMARY KEY (`num`);

--
-- 테이블의 인덱스 `order_my`
--
ALTER TABLE `order_my`
  ADD PRIMARY KEY (`num`);

--
-- 테이블의 인덱스 `point_mall`
--
ALTER TABLE `point_mall`
  ADD PRIMARY KEY (`num`);

--
-- 테이블의 인덱스 `point_mall_buy`
--
ALTER TABLE `point_mall_buy`
  ADD PRIMARY KEY (`num`);

--
-- 테이블의 인덱스 `product_my`
--
ALTER TABLE `product_my`
  ADD PRIMARY KEY (`num`);

--
-- 덤프된 테이블의 AUTO_INCREMENT
--

--
-- 테이블의 AUTO_INCREMENT `basket_my`
--
ALTER TABLE `basket_my`
  MODIFY `num` int(11) NOT NULL AUTO_INCREMENT, AUTO_INCREMENT=74;

--
-- 테이블의 AUTO_INCREMENT `board`
--
ALTER TABLE `board`
  MODIFY `num` int(11) NOT NULL AUTO_INCREMENT, AUTO_INCREMENT=37;

--
-- 테이블의 AUTO_INCREMENT `members`
--
ALTER TABLE `members`
  MODIFY `num` int(11) NOT NULL AUTO_INCREMENT, AUTO_INCREMENT=21;

--
-- 테이블의 AUTO_INCREMENT `order_my`
--
ALTER TABLE `order_my`
  MODIFY `num` int(11) NOT NULL AUTO_INCREMENT, AUTO_INCREMENT=29;

--
-- 테이블의 AUTO_INCREMENT `point_mall`
--
ALTER TABLE `point_mall`
  MODIFY `num` int(11) NOT NULL AUTO_INCREMENT, AUTO_INCREMENT=20;

--
-- 테이블의 AUTO_INCREMENT `point_mall_buy`
--
ALTER TABLE `point_mall_buy`
  MODIFY `num` int(11) NOT NULL AUTO_INCREMENT, AUTO_INCREMENT=18;

--
-- 테이블의 AUTO_INCREMENT `product_my`
--
ALTER TABLE `product_my`
  MODIFY `num` int(11) NOT NULL AUTO_INCREMENT, AUTO_INCREMENT=99;
COMMIT;

/*!40101 SET CHARACTER_SET_CLIENT=@OLD_CHARACTER_SET_CLIENT */;
/*!40101 SET CHARACTER_SET_RESULTS=@OLD_CHARACTER_SET_RESULTS */;
/*!40101 SET COLLATION_CONNECTION=@OLD_COLLATION_CONNECTION */;
